heading,link
Aspro Atlantic Medikal Turizm Ticaret Limited Şirketi t/a AsproMED,https://www.asa.org.uk/rulings/aspro-atlantic-medikal-turizm-ticaret-limited-irketi.html
We Love Holidays Ltd t/a LoveHolidays,https://www.asa.org.uk/rulings/we-love-holidays-ltd-g25-1286542-we-love-holidays-ltd.html
Tonic Nutrition Ltd t/a Tonic Health,https://www.asa.org.uk/rulings/tonic-nutrition-ltd-a24-1269415-tonic-nutrition-ltd.html
Trip Drink Ltd,https://www.asa.org.uk/rulings/trip-drink-ltd-a25-1277097-trip-drink-ltd.html
Detox Today,https://www.asa.org.uk/rulings/detox-today.html
MyFlowers Ltd t/a MyFlowers,https://www.asa.org.uk/rulings/myflowers-ltd-a25-1285210-myflowers-ltd.html
Nipper&Co Ltd t/a Nipper & Co,https://www.asa.org.uk/rulings/nipper-co-ltd-a25-1284063-nipper-co-ltd.html
PepsiCo International Ltd t/a Lipton Tea,https://www.asa.org.uk/rulings/pepsico-international-ltd-g25-1284970-pepsico-international-ltd.html
Good Guru Ltd t/a Protein World,https://www.asa.org.uk/rulings/good-guru-ltd-a25-1282503-good-guru-ltd.html
Kenvue UK Ltd t/a Listerine,https://www.asa.org.uk/rulings/kenvue-uk-ltd-g25-1285500-kenvue-uk-ltd.html
Mondelez UK Ltd t/a Cadbury,https://www.asa.org.uk/rulings/mondelez-europe-services-gmbh---uk-branch-a25-1276004-mondelez-uk-ltd.html
Wowcher Ltd,https://www.asa.org.uk/rulings/wowcher-ltd-a25-1282964-wowcher-ltd.html
Wowcher Ltd,https://www.asa.org.uk/rulings/wowcher-ltd-a25-1284837-wowcher-ltd.html
Bodystreet Franchise (UK) Ltd t/a Bodystreet,https://www.asa.org.uk/rulings/bodystreet-franchise--uk--ltd-a24-1271058-bodystreet-franchise--uk--ltd.html
SaffPro,https://www.asa.org.uk/rulings/saffpro.html
CLF Distribution Ltd,https://www.asa.org.uk/rulings/clf-distribution-ltd-a24-1271985-clf-distribution-ltd.html
Navi Organics Ltd,https://www.asa.org.uk/rulings/navi-organics-ltd-a24-1272405-navi-organics-ltd.html
LiveScore Betting & Gaming (Gibraltar) Ltd t/a LiveScore Bet,https://www.asa.org.uk/rulings/livescore-betting---gaming--gibraltar--ltd-a25-1274875-livescore-betting---gaming--gibraltar--ltd.html
Menwell Ltd t/a Manual,https://www.asa.org.uk/rulings/menwell-ltd-a25-1277445-menwell-ltd.html
AirDoctor LLC t/a AmazingAir,https://www.asa.org.uk/rulings/airdoctor-llc-a24-1273039-airdoctor-llc.html
SemaPen Ltd,https://www.asa.org.uk/rulings/semapen-ltd-a24-1264772-semapen-ltd.html
Yazen Health AB t/a Yazen,https://www.asa.org.uk/rulings/yazen-health-ab-g25-1278617-yazen-health-ab.html
Cosmos Oyun Yazilim Sanayi Ticaret Ltd Sirketi t/a Filter AI,https://www.asa.org.uk/rulings/cosmos-oyun-yazilim-sanayi-ticaret-ltd-sirketi.html
GTOHero Ltd t/a GTO Hero,https://www.asa.org.uk/rulings/gtohero-ltd-a25-1275239-gtohero-ltd.html
Good Guru Ltd t/a Protein World,https://www.asa.org.uk/rulings/good-guru-ltd-a25-1282503-good-guru-ltd.html
Kenvue UK Ltd t/a Listerine,https://www.asa.org.uk/rulings/kenvue-uk-ltd-g25-1285500-kenvue-uk-ltd.html
LEBOM Ltd,https://www.asa.org.uk/rulings/lebom-ltd-g25-1288328-lebom-ltd.html
Mondelez UK Ltd t/a Cadbury,https://www.asa.org.uk/rulings/mondelez-europe-services-gmbh---uk-branch-a25-1276004-mondelez-uk-ltd.html
Wowcher Ltd,https://www.asa.org.uk/rulings/wowcher-ltd-a25-1282964-wowcher-ltd.html
Wowcher Ltd,https://www.asa.org.uk/rulings/wowcher-ltd-a25-1284837-wowcher-ltd.html
Wuxi Zhan'ao E-commerce Co Ltd t/a Lpows.com,https://www.asa.org.uk/rulings/wuxi-zhan-ao-e-commerce-co-ltd-a25-1289901-wuxi-zhan-ao-e-commerce-co-ltd.html
Bodystreet Franchise (UK) Ltd t/a Bodystreet,https://www.asa.org.uk/rulings/bodystreet-franchise--uk--ltd-a24-1271058-bodystreet-franchise--uk--ltd.html
HOMA Games SAS,https://www.asa.org.uk/rulings/homa-games-sas-a25-1285213-homa-games-sas.html
Honeytech Ltd t/a Honeytoon,https://www.asa.org.uk/rulings/honeytech-ltd-g25-1287790-honeytech-ltd.html
SaffPro,https://www.asa.org.uk/rulings/saffpro.html
Koi Footwear Ltd,https://www.asa.org.uk/rulings/koi-footwear-ltd-a25-1286163-koi-footwear-ltd.html
CLF Distribution Ltd,https://www.asa.org.uk/rulings/clf-distribution-ltd-a24-1271985-clf-distribution-ltd.html
LC International Ltd t/a Ladbrokes,https://www.asa.org.uk/rulings/lc-international-ltd-g25-1274110-lc-international-ltd.html
Mars Wrigley Confectionery UK Ltd,https://www.asa.org.uk/rulings/mars-wrigley-confectionery-uk-ltd-g25-1285557-mars-wrigley-confectionery-uk-ltd.html
Navi Organics Ltd,https://www.asa.org.uk/rulings/navi-organics-ltd-a24-1272405-navi-organics-ltd.html
LiveScore Betting & Gaming (Gibraltar) Ltd t/a LiveScore Bet,https://www.asa.org.uk/rulings/livescore-betting---gaming--gibraltar--ltd-a25-1274875-livescore-betting---gaming--gibraltar--ltd.html
Menwell Ltd t/a Manual,https://www.asa.org.uk/rulings/menwell-ltd-a25-1277445-menwell-ltd.html
AirDoctor LLC t/a AmazingAir,https://www.asa.org.uk/rulings/airdoctor-llc-a24-1273039-airdoctor-llc.html
Turner Lewis Ltd,https://www.asa.org.uk/rulings/turner-lewis-ltd-a24-1270072-turner-lewis-ltd.html
UAB Convenity t/a Huusk,https://www.asa.org.uk/rulings/uab-convenity-a25-1281612-uab-convenity.html
Viva Research Ltd t/a Vivanmn,https://www.asa.org.uk/rulings/viva-research-ltd-a25-1279959-viva-research-ltd.html
air up GmbH,https://www.asa.org.uk/rulings/air-up-gmbh-a25-1281155-air-up-gmbh.html
GreenPixel Ltd t/a Hotel Merge Empire,https://www.asa.org.uk/rulings/greenpixel-ltd-a25-1279874-greenpixel-ltd.html
Insulet International Limited t/a Omnipod,https://www.asa.org.uk/rulings/insulet-international-limited-a24-1273006-insulet-international-limited.html
Phusion Projects LLC t/a FourLoko,https://www.asa.org.uk/rulings/phusion-projects-llc-a25-1280240-phusion-projects-llc.html
Vodafone Ltd t/a vodafone,https://www.asa.org.uk/rulings/vodafone-ltd-a24-1272001-vodafone-ltd.html
ZOE Ltd t/a Zoe,https://www.asa.org.uk/rulings/zoe-ltd-a24-1261050-zoe-ltd.html
Golden Vape UK Ltd t/a Golden Vape,https://www.asa.org.uk/rulings/golden-vape-uk-ltd-a24-1269900-golden-vape-uk-ltd.html
UK Electronic Cigarette Ltd t/a UKVAPINGSTORE,https://www.asa.org.uk/rulings/uk-electronic-cigarette-ltd-a24-1269901-uk-electronic-cigarette-ltd.html
Cloud Whale Interactive Technology,https://www.asa.org.uk/rulings/cloud-whale-interactive-technology-a25-1278753-cloud-whale-interactive-technology.html
Living and Home Ltd,https://www.asa.org.uk/rulings/living-and-home-ltd-a24-1270389-living-and-home-ltd.html
Rosenthal Capital Ltd t/a ULEZProsperity,https://www.asa.org.uk/rulings/rosenthal-capital-ltd-a24-1270983-rosenthal-capital-ltd.html
Whaleco UK Ltd t/a Temu,https://www.asa.org.uk/rulings/whaleco-uk-ltd-a25-1278825-whaleco-uk-ltd.html
Dualit Ltd,https://www.asa.org.uk/rulings/dualit-ltd-A24-1255954.html
Groupon International Ltd,https://www.asa.org.uk/rulings/groupon-international-ltd.html
Lavazza Coffee (UK) Ltd,https://www.asa.org.uk/rulings/lavazza-coffee-uk-ltd.html
ABD Supplies Ltd,https://www.asa.org.uk/rulings/abd-supplies-ltd-a25-1277053-abd-supplies-ltd.html
FX Compared Ltd t/a FXcompared,https://www.asa.org.uk/rulings/fx-compared-ltd.html
Holiday Gems Ltd,https://www.asa.org.uk/rulings/holiday-gems-ltd-a25-1273639-holiday-gems-ltd.html
2XU UK Limited,https://www.asa.org.uk/rulings/2xu-uk-limited-a24-1261881-2xu-pty-ltd.html
Beautyjenics Ltd,https://www.asa.org.uk/rulings/beautyjenics-ltd-a25-1274802-beautyjenics-ltd.html
Bomb Doll Aesthetics,https://www.asa.org.uk/rulings/bomb-doll-aesthetics-a25-1274784-bomb-doll-aesthetics.html
CCskinlondondubai,https://www.asa.org.uk/rulings/ccskinlondondubai-a25-1274786-ccskinlondondubai.html
Cambridge Corporate Consultants Ltd t/a The Claims Guide,https://www.asa.org.uk/rulings/cambridge-corporate-consultants-ltd-a24-1266364-cambridge-corporate-consultants-ltd.html
EME Aesthetics & Beauty Academy Ltd,https://www.asa.org.uk/rulings/eme-aesthetics---beauty-academy-ltd-a25-1274782-eme-aesthetics---beauty-academy-ltd.html
Global Brands Ltd t/a VK,https://www.asa.org.uk/rulings/global-brands-ltd-a25-1276576-global-brands-ltd.html
Groupe SEB UK Ltd t/a Tefal,https://www.asa.org.uk/rulings/groupe-seb-uk-ltd-a25-1278818-groupe-seb-uk-ltd.html
Montdog Ltd t/a Wild Pack,https://www.asa.org.uk/rulings/montdog-ltd-a24-1265514-montdog-ltd.html
NKD Medical Ltd t/a Dr Ducu London,https://www.asa.org.uk/rulings/nkd-medical-ltd-a25-1274785-nkd-medical-ltd.html
Pressplay Ltd,https://www.asa.org.uk/rulings/pressplay-ltd-a24-1266131-pressplay-ltd.html
Rejuvenate Academy Ltd t/a Rejuvenate Clinics,https://www.asa.org.uk/rulings/rejuvenate-academy-ltd-a25-1274788-rejuvenate-academy-ltd.html
The Innovative Brewing Company Ltd t/a Prime Time Lager,https://www.asa.org.uk/rulings/the-innovative-brewing-company-ltd-g24-1267427-the-innovative-brewing-company-ltd.html
Belle Baby Ltd,https://www.asa.org.uk/rulings/belle-baby-ltd-a25-1273764-belle-baby-ltd.html
Person(s) Unknown t/a Henry’s Boots,https://www.asa.org.uk/rulings/person-s--unknown-a24-1267935-person-s--unknown.html
Person(s) unknown t/a Rosely London,https://www.asa.org.uk/rulings/person-s--unknown-a24-1268786-person-s--unknown.html
Person(s) unknown t/a Velora London,https://www.asa.org.uk/rulings/person-s--unknown-g24-1269051-person-s--unknown.html
Person(s) unknown t/a Luxelle-London,https://www.asa.org.uk/rulings/person-s--unknown-a24-1269132-person-s--unknown.html
Person(s) unknown t/a Muse,https://www.asa.org.uk/rulings/person-s--unknown-g24-1265365-person-s--unknown.html
TotalEnergies SE,https://www.asa.org.uk/rulings/totalenergies-se-a24-1246357-totalenergies-se.html
Viagogo GmbH,https://www.asa.org.uk/rulings/viagogo-gmbh-a24-1242838-viagogo-gmbh.html
OceanSaver Ltd,https://www.asa.org.uk/rulings/oceansaver-ltd-g24-1266714-oceansaver-ltd.html
Rosenthal Capital Ltd t/a ULEZPROSPERITY,https://www.asa.org.uk/rulings/rosenthal-capital-ltd-a24-1263931-rosenthal-capital-ltd.html
A3 Games Pte Ltd t/a Top Girl,https://www.asa.org.uk/rulings/a3-games-pte-ltd.html
EE Ltd t/a EE,https://www.asa.org.uk/rulings/G24-1265502 EE Ltd.html
John Mills Ltd t/a JML Direct,https://www.asa.org.uk/rulings/G24-1272368 John Mills Ltd.html
Stars Interactive Ltd t/a PokerStars,https://www.asa.org.uk/rulings/stars-interactive-ltd-a24-1272809-stars-interactive-ltd.html
Bestway Retail Ltd t/a Bargain Booze,https://www.asa.org.uk/rulings/bestway-retail-ltd-a24-1271687-bestway-retail-ltd.html
Haven Leisure Ltd,https://www.asa.org.uk/rulings/haven-leisure-ltd-a24-1272713-haven-leisure-ltd.html
Dawn Hazeldine t/a Stockport Counselling Services,https://www.asa.org.uk/rulings/dawn-hazeldine-a24-1262170-stockport-counselling-services.html
Petchip.Network,https://www.asa.org.uk/rulings/petchip-network-a24-1270884-petchip-network.html
Shenzhenshi Senyi Dianzi Shangwu Youxiangongsi t/a Plum-Marketing,https://www.asa.org.uk/rulings/shenzhenshi-senyi-dianzi-shangwu-youxiangongsi-a24-1270842-shenzhenshi-senyi-dianzi-shangwu-youxiangongsi.html
Shop TJC Ltd t/a Ideal World,https://www.asa.org.uk/rulings/shop-tjc-ltd-a24-1255116-shop-tjc-ltd.html
Gemporia Ltd,https://www.asa.org.uk/rulings/gemporia-ltd-a24-1262624-gemporia-ltd.html
Maki Online Services Ltd,https://www.asa.org.uk/rulings/maki-online-services-ltd-a24-1270475-maki-online-services-ltd.html
EDF Energy Ltd,https://www.asa.org.uk/rulings/edf-energy-ltd-g24-1260840-edf-energy-ltd.html
Floor Design Ltd t/a Flooring by Nature,https://www.asa.org.uk/rulings/floor-design-ltd-a24-1253521-floor-design-ltd.html
Intelligent Lending Ltd t/a Ocean Finance,https://www.asa.org.uk/rulings/intelligent-lending-ltd-a24-1270898-intelligent-lending-ltd.html
Meggan Kirkland,https://www.asa.org.uk/rulings/meggan-kirkland-a24-1267937-meggan-kirkland.html
Secret Escapes Ltd,https://www.asa.org.uk/rulings/secret-escapes-ltd-a24-1258783-secret-escapes-ltd.html
Supplylife Group Ltd t/a SUPPLYlife,https://www.asa.org.uk/rulings/supplylife-group-ltd-a22-1174841-supplylife-group-ltd.html
Connect UK Sales Ltd,https://www.asa.org.uk/rulings/connect-uk-sales-ltd-a24-1256131-connect-uk-sales-ltd.html
Family Vision Ltd,https://www.asa.org.uk/rulings/family-vision-ltd-a24-1271798-family-vision-ltd.html
High Seat Ltd t/a HSL,https://www.asa.org.uk/rulings/high-seat-ltd-a24-1267477-high-seat-ltd.html
INSTITUTO NATURVITA S.L. t/a Natur Vital,https://www.asa.org.uk/rulings/instituto-naturvita-s-l--a24-1257402-instituto-naturvita-s-l-.html
Land Profits EDU Ltd t/a Land Profits,https://www.asa.org.uk/rulings/land-profits-edu-ltd-a24-1256132-land-profits-edu-ltd.html
Luxury Lodge Estates Company Ltd t/a Luxury Lodges,https://www.asa.org.uk/rulings/luxury-lodge-estates-company-ltd-a24-1256125-luxury-lodge-estates-company-ltd.html
Next Retail Ltd t/a NEXT,https://www.asa.org.uk/rulings/next-retail-ltd-a24-1261164-next-retail-ltd.html
SteadyPay Ltd,https://www.asa.org.uk/rulings/steadypay-ltd-a24-1268111-steadypay-ltd.html
Wilton Bradley Ltd t/a Xootz,https://www.asa.org.uk/rulings/wilton-bradley-ltd-a24-1266482-wilton-bradley-ltd.html
Astrasoft Projects Ltd t/a Sofiadate.com,https://www.asa.org.uk/rulings/astrasoft-projects-ltd-a24-1267015-astrasoft-projects-ltd.html
Banquist Ltd t/a Winedrops,https://www.asa.org.uk/rulings/banquist-ltd-g24-1266185-banquist-ltd.html
DragonPlus Game Ltd t/a Happy Hospital,https://www.asa.org.uk/rulings/dragonplus-game-ltd-a24-1268671-dragonplus-game-ltd.html
ScottishPower Energy Retail Ltd t/a Scottish Power,https://www.asa.org.uk/rulings/scottishpower-energy-retail-ltd-g24-1253901-scottishpower-energy-retail-ltd.html
Wireless Group Media (GB) Ltd t/a Virgin Radio,https://www.asa.org.uk/rulings/wireless-group-media--gb--ltd-a24-1257127-wireless-group-media--gb--ltd.html
Visual Stress Consultancy Ltd,https://www.asa.org.uk/rulings/visual-stress-consultancy-ltd-a24-1253433-visual-stress-consultancy-ltd.html
Health Line,https://www.asa.org.uk/rulings/health-line-a24-1253884-health-line.html
Royalux Competitions Ltd,https://www.asa.org.uk/rulings/royalux-competitions-ltd-a24-1255202-royalux-competitions-ltd.html
The Essence Vault Ltd,https://www.asa.org.uk/rulings/the-essence-vault-ltd-a24-1266056-the-essence-vault-ltd.html
Zimran Ltd t/a Prosperi Academy,https://www.asa.org.uk/rulings/zimran-ltd-a24-1265945-zimran-ltd.html
Endrick Clothing Ltd,https://www.asa.org.uk/rulings/endrick-clothing-ltd-g24-1264925-endrick-clothing-ltd.html
Marren Healthcare Ltd,https://www.asa.org.uk/rulings/marren-healthcare-ltd-a24-1252137-marren-healthcare-ltd.html
"Vacaciones eDreams, S.L. t/a eDreams",https://www.asa.org.uk/rulings/vacaciones-edreams--s-l--a24-1254018-vacaciones-edreams-sl.html
Wahed Invest Ltd,https://www.asa.org.uk/rulings/wahed-invest-ltd-g24-1262171-wahed-invest-ltd.html
Action Rehab,https://www.asa.org.uk/rulings/action-rehab-a24-1252142-action-rehab.html
Addiction Recovery Systems Ltd t/a Rehab Guide,https://www.asa.org.uk/rulings/addiction-recovery-systems-ltd-a24-1252122-addiction-recovery-systems-ltd.html
Auto Finesse Ltd,https://www.asa.org.uk/rulings/auto-finesse-ltd-a24-1263473-auto-finesse-ltd.html
Beer52 Ltd,https://www.asa.org.uk/rulings/beer52-ltd-a24-1251988-beer52-ltd.html
Better Health and Wellness,https://www.asa.org.uk/rulings/better-health-and-wellness-a24-1253883-better-health-and-wellness.html
Health and Wellness,https://www.asa.org.uk/rulings/health-and-wellness-a24-1253882-health-and-wellness.html
Help 4 Addiction Ltd,https://www.asa.org.uk/rulings/help-4-addiction-ltd-a24-1252124-help-4-addiction-ltd.html
IT Career Change Ltd,https://www.asa.org.uk/rulings/it-career-change-ltd-a24-1258686-it-career-change-ltd.html
Marketing VF Ltd t/a The Eco Experts,https://www.asa.org.uk/rulings/marketing-vf-ltd-a24-1253881-marketing-vf-ltd.html
Oakever Games PTE Ltd,https://www.asa.org.uk/rulings/oakever-games-pte-ltd-g24-1257433-oakever-games-pte-ltd.html
Origin Sleep UK Ltd t/a Origin Mattress,https://www.asa.org.uk/rulings/origin-sleep-uk-ltd-a24-1253221-origin-sleep-uk-ltd.html
Person(s) unknown t/a Sereni,https://www.asa.org.uk/rulings/person-s--unknown-a24-1253128-sereni.html
Rehabs.uk,https://www.asa.org.uk/rulings/rehabs-uk-a24-1252129-rehabs-uk.html
Serenity Rehabilitation Ltd t/a Serenity Addiction Centres,https://www.asa.org.uk/rulings/serenity-rehabilitation-ltd-a24-1252074-serenity-rehabilitation-ltd.html
UK Addiction Treatment Ltd t/a UKAT,https://www.asa.org.uk/rulings/uk-addiction-treatment-ltd-a24-1252013-uk-addiction-treatment-ltd.html
Valterous Ltd t/a Therapie Clinic,https://www.asa.org.uk/rulings/valterous-ltd-g24-1253503-valterous-ltd.html
Vivostore Ltd t/a Vivo Life,https://www.asa.org.uk/rulings/vivostore-ltd-a24-1253730-vivostore-ltd.html
Which Rehab Ltd,https://www.asa.org.uk/rulings/which-rehab-ltd-a24-1252126-which-rehab-ltd.html
Alchemy Bros Ltd t/a Energy Grant Access,https://www.asa.org.uk/rulings/alchemy-bros-ltd-a24-1252491-alchemy-bros-ltd.html
ECO4U LTD,https://www.asa.org.uk/rulings/eco4u-ltd-a24-1252489-eco4u-ltd.html
Guangzhou Shimo Culture Media Co Ltd,https://www.asa.org.uk/rulings/guangzhou-shimo-culture-media-co-ltd-g24-1262172-guangzhou-shimo-culture-media-co-ltd.html
Ignite Sustainable Energy Ltd t/a ignitese.co.uk,https://www.asa.org.uk/rulings/ignite-sustainable-energy-ltd-a24-1252405-ignite-sustainable-energy-ltd.html
Impact Energy Ltd,https://www.asa.org.uk/rulings/impact-energy-ltd-a24-1252475-impact-energy-ltd.html
Jaded London Ltd,https://www.asa.org.uk/rulings/jaded-london-ltd-a24-1262531-jaded-london-ltd.html
Lead Pronto Ltd t/a LeadPronto,https://www.asa.org.uk/rulings/lead-pronto-ltd-a24-1252418-lead-pronto-ltd.html
Metamind AI Ltd t/a AI Persona,https://www.asa.org.uk/rulings/metamind-ai-ltd-a24-1251099-metamind-ai-ltd.html
Ovira Australia t/a Ovira UK,https://www.asa.org.uk/rulings/ovira-australia-g24-1252527-ovira-australia.html
Pulsio Ltd,https://www.asa.org.uk/rulings/pulsio-ltd-a24-1262766-pulsio-ltd.html
Samsung Electronics (UK) Ltd t/a Samsung,https://www.asa.org.uk/rulings/samsung-electronics--uk--ltd-g24-1255968-samsung-electronics--uk--ltd.html
Sparring Partners Ltd t/a Gymbox,https://www.asa.org.uk/rulings/sparring-partners-ltd-g24-1263544-sparring-partners-ltd.html
get_0ut_0f_debt Ltd,https://www.asa.org.uk/rulings/get_0ut_0f_debt-ltd-a24-1262715-get_0ut_0f_debt-ltd.html
Bodystreet Franchise (UK) Ltd,https://www.asa.org.uk/rulings/bodystreet-franchise--uk--ltd-a24-1253486-bodystreet-franchise--uk--ltd.html
Churchill Retirement Living Ltd,https://www.asa.org.uk/rulings/churchill-retirement-living-ltd-a24-1248717-churchill-retirement-living-ltd.html
Vita Studio Pte Ltd,https://www.asa.org.uk/rulings/vita-studio-pte-ltd-g24-1253610-vita-studio-pte-ltd.html
Samsung Electronics (UK) Ltd,https://www.asa.org.uk/rulings/samsung-electronics--uk--ltd-a24-1252670-samsung-electronics--uk--ltd.html
Wizz Air Hungary Ltd,https://www.asa.org.uk/rulings/wizz-air-hungary-ltd-a24-1253458-wizz-air-hungary-ltd.html
"Aurum & Argenti Ltd t/a Bullion Club, bullionclub.co.uk",https://www.asa.org.uk/rulings/aurum---argenti-ltd-a24-1247594-aurum---argenti-ltd.html
Fern Brady,https://www.asa.org.uk/rulings/fern-brady-a24-1255841-fern-brady.html
Gold Warehouse Ltd t/a Gold Bank,https://www.asa.org.uk/rulings/gold-warehouse-ltd-a24-1252738-gold-warehouse-ltd.html
Gold Warehouse Ltd t/a Gold Bank,https://www.asa.org.uk/rulings/gold-warehouse-ltd-a24-1247596-gold-warehouse-ltd.html
Harrington & Byrne Ltd,https://www.asa.org.uk/rulings/harrington---byrne-ltd-a24-1247595-harrington---byrne-ltd.html
Solomon Global Ltd t/a Buy Bullion,https://www.asa.org.uk/rulings/solomon-global-ltd-a24-1247581-solomon-global-ltd.html
Stirling Health Ltd,https://www.asa.org.uk/rulings/stirling-health-ltd-a24-1248272-stirling-health-ltd.html
The Pure Gold Group Ltd t/a The Pure Gold Company,https://www.asa.org.uk/rulings/the-pure-gold-group-ltd-a24-1250872-the-pure-gold-group-ltd.html
Cult & Boutique (Wine Management) Ltd,https://www.asa.org.uk/rulings/cult---boutique--wine-management--ltd-a24-1249615-cult---boutique--wine-management--ltd.html
Cult Wines Ltd,https://www.asa.org.uk/rulings/cult-wines-ltd-a24-1249613-cult-wines-ltd.html
DeVosVoorzieningen BVBA t/a Qinux TitanPG,https://www.asa.org.uk/rulings/devosvoorzieningen-bvba-a24-1248171-devosvoorzieningen-bvba.html
Great Grass MCR Ltd t/a Great Grass,https://www.asa.org.uk/rulings/great-grass-mcr-ltd-a24-1257296-great-grass-mcr-ltd.html
Pegasus Homes Ltd t/a Pegasus Homes,https://www.asa.org.uk/rulings/pegasus-homes-ltd-a24-1248715-lifestory-group-ltd.html
Pegasus Homes Ltd t/a Pegasus Homes,https://www.asa.org.uk/rulings/pegasus-homes-ltd-a24-1248718-lifestory-group-ltd.html
Prime Star Shop Ltd t/a Branshaws,https://www.asa.org.uk/rulings/prime-star-shop-ltd-a24-1249990-prime-star-shop-ltd.html
Supreme CBD Ltd t/a Supreme CBD,https://www.asa.org.uk/rulings/supreme-cbd-ltd-a24-1253019-supreme-cbd-ltd.html
Vintage Associates Fine Wine Merchants Ltd,https://www.asa.org.uk/rulings/vintage-associates-fine-wine-merchants-ltd-a24-1249611-vintage-associates-fine-wine-merchants-ltd.html
Vinverum Ltd,https://www.asa.org.uk/rulings/vinverum-ltd-a24-1249614-vinverum-ltd.html
CurrencyWave Ltd t/a CurrencyWave,https://www.asa.org.uk/rulings/currencywave-ltd-a24-1236439-currencywave-ltd.html
Eurostar International Ltd,https://www.asa.org.uk/rulings/eurostar-international-ltd-a24-1247879-eurostar-international-ltd.html
Go Night Night (unconfirmed),https://www.asa.org.uk/rulings/go-night-night--unconfirmed--a24-1249218-go-night-night--unconfirmed-.html
The Boots Company plc,https://www.asa.org.uk/rulings/the-boots-company-plc-g24-1242237-the-boots-company-plc.html
Wickes Building Supplies Ltd t/a Wickes,https://www.asa.org.uk/rulings/wickes-building-supplies-ltd-g24-1254614-wickes-building-supplies-ltd.html
Just Eat.co.uk Ltd,https://www.asa.org.uk/rulings/just-eat-co-uk-ltd-g24-1248327-just-eat-co-uk-ltd.html
"Webloyalty International Ltd t/a Webloyalty, Complete Savings",https://www.asa.org.uk/rulings/webloyalty-international-ltd-g24-1229880-webloyalty-international-sarl-ltd.html
"Webloyalty International Ltd t/a Webloyalty, Complete Savings",https://www.asa.org.uk/rulings/webloyalty-international-ltd-a24-1248087-webloyalty-international-sarl-ltd.html
Sainsbury's Supermarkets Ltd t/a Sainsbury's,https://www.asa.org.uk/rulings/sainsbury-s-supermarkets-ltd-g24-1252121-sainsbury-s-supermarkets-ltd.html
Suntory Global Spirits UK Ltd,https://www.asa.org.uk/rulings/suntory-global-spirits-uk-ltd-a24-1244842-suntory-global-spirits-uk-ltd.html
Trav Expert Ltd t/a Travelcrew,https://www.asa.org.uk/rulings/trav-expert-ltd-a24-1243260-trav-expert-ltd.html
W8 Tech Cyprus Ltd t/a Seeking,https://www.asa.org.uk/rulings/w8-tech-cyprus-ltd-a24-1252606-w8-tech-cyprus-ltd.html
Ashlen Inc,https://www.asa.org.uk/rulings/ashlen-inc-a24-1245967-ashlen-inc.html
British Telecommunications plc t/a BT,https://www.asa.org.uk/rulings/british-telecommunications-plc-a24-1244734-british-telecommunications-plc.html
EE Ltd t/a EE,https://www.asa.org.uk/rulings/ee-ltd-a24-1244738-ee-ltd.html
Fanfinders Ltd,https://www.asa.org.uk/rulings/fanfinders-ltd-a24-1243842-fanfinders-ltd.html
Kentesh Ltd,https://www.asa.org.uk/rulings/kentesh-ltd-a24-1245956-kentesh-ltd.html
Kerry Foods Ltd,https://www.asa.org.uk/rulings/kerry-foods-ltd-a24-1244924-kerry-foods-ltd.html
Moderny Inc t/a Moderny.co,https://www.asa.org.uk/rulings/moderny-inc-a24-1245966-moderny-inc.html
Pall Mall Medical (Manchester) Ltd t/a Pall Mall Cosmetics,https://www.asa.org.uk/rulings/pall-mall-medical--manchester--ltd-a24-1252542-pall-mall-medical--manchester--ltd.html
Person(s) unknown t/a Goodysee,https://www.asa.org.uk/rulings/person-s--unknown-a24-1245965-person-s--unknown.html
Plusnet plc,https://www.asa.org.uk/rulings/plusnet-plc-a24-1244740-plusnet-plc.html
PlymGlow Ltd,https://www.asa.org.uk/rulings/plymglow-ltd-g24-1248081-plymglow-ltd.html
TalkTalk Telecom Ltd t/a TalkTalk,https://www.asa.org.uk/rulings/talktalk-telecom-ltd-a24-1244730-talktalk-telecom-ltd.html
Telefonica UK Ltd t/a O2,https://www.asa.org.uk/rulings/telefonica-uk-ltd-a24-1244736-telefonica-uk-ltd.html
Virgin Media Ltd,https://www.asa.org.uk/rulings/virgin-media-ltd-a24-1244733-virgin-media-ltd.html
Sunspot Tours Ltd t/a Mercury Holidays,https://www.asa.org.uk/rulings/sunspot-tours-ltd-a24-1245080-sunspot-tours-ltd.html
The BLAC Awards (UK) C.I.C t/a The BLAC Awards,https://www.asa.org.uk/rulings/the-blac-awards--uk--c-i-c-a24-1246302-the-blac-awards--uk--c-i-c.html
Adidas UK Ltd,https://www.asa.org.uk/rulings/adidas-uk-ltd-a24-1242252-adidas-uk-ltd.html
DAMM 1876 LTD,https://www.asa.org.uk/rulings/damm-1876-ltd-a24-1250287-sa-damm.html
Dataverse Co. Limited t/a Gamehaus,https://www.asa.org.uk/rulings/dataverse-co--limited-a24-1241349-dataverse-co--limited.html
Guang Zhou Shi Chen Ming Ke Ji You Xian Gong Si t/a MENGCOOL,https://www.asa.org.uk/rulings/guang-zhou-shi-chen-ming-ke-ji-you-xian-gong-si-a24-1242267-guang-zhou-shi-chen-ming-ke-ji-you-xian-gong-si.html
Huel Ltd,https://www.asa.org.uk/rulings/huel-ltd-a24-1240834-huel-ltd.html
Huuuge Global Limited t/a Billionaire Casino,https://www.asa.org.uk/rulings/huuuge-global-limited-a24-1241339-huuuge-global-limited.html
Mazda Motors UK Ltd,https://www.asa.org.uk/rulings/mazda-motors-uk-ltd-a24-1247950-mazda-motors-uk-ltd.html
Mobee Co Ltd t/a Ignite Classic Slots,https://www.asa.org.uk/rulings/mobee-co-ltd-a24-1241357-mobee-co-ltd.html
Moreham Wood Ltd t/a Oak Furniture Superstore,https://www.asa.org.uk/rulings/moreham-wood-ltd-a24-1237514-moreham-wood-ltd.html
Nike Retail BV,https://www.asa.org.uk/rulings/nike-retail-bv-a24-1229829-nike-retail-bv.html
Not Guilty Food Co Ltd t/a The Skinny Food Co,https://www.asa.org.uk/rulings/not-guilty-food-co-ltd-a24-1242030-not-guilty-food-co-ltd.html
Reiss Ltd,https://www.asa.org.uk/rulings/reiss-ltd-a24-1241344-reiss-ltd.html
Shop TJC Ltd t/a The Jewellery Channel,https://www.asa.org.uk/rulings/shop-tjc-ltd-a24-1241519-shop-tjc-ltd.html
Sky UK Ltd t/a NOW,https://www.asa.org.uk/rulings/sky-uk-ltd-a24-1229858-sky-uk-ltd.html
SpinX Games Ltd,https://www.asa.org.uk/rulings/spinx-games-ltd-a24-1241354-spinx-games-ltd.html
THG Beauty Ltd t/a Look Fantastic,https://www.asa.org.uk/rulings/thg-beauty-ltd-a24-1244192-thg-beauty-ltd.html
Wenzhou Xinyu Maoyi Youxian Gongsi t/a XINYU TRADE,https://www.asa.org.uk/rulings/wenzhou-xinyu-maoyi-youxian-gongsi-a24-1242272-wenzhou-xinyu-maoyi-youxian-gongsi.html
Zeroo Gravity Games LLC t/a Cash Tornado,https://www.asa.org.uk/rulings/zeroo-gravity-games-llc-a24-1241355-zeroo-gravity-games-llc.html
Excite For Life Ltd,https://www.asa.org.uk/rulings/excite-for-life-ltd-a24-1243213-excite-for-life-ltd.html
NothingFishy Ltd,https://www.asa.org.uk/rulings/nothingfishy-ltd-a24-1240828-nothingfishy-ltd.html
Sterling Wholesale Ltd t/a Moncrief,https://www.asa.org.uk/rulings/sterling-wholesale-ltd-a24-1248182-sterling-wholesale-ltd.html
Vape Life Ltd t/a CBDLife UK,https://www.asa.org.uk/rulings/vape-life-ltd-a24-1243214-vape-life-ltd.html
Vodafone Ltd,https://www.asa.org.uk/rulings/vodafone-ltd-a24-1241350-vodafone-ltd.html
Femgroup Ltd t/a Feminapause,https://www.asa.org.uk/rulings/femgroup-ltd-a24-1241017-femgroup-ltd.html
Nasty Gal Ltd,https://www.asa.org.uk/rulings/nasty-gal-ltd-a24-1239263-nasty-gal-ltd.html
247 Home Furnishings Ltd t/a 247Blinds,https://www.asa.org.uk/rulings/247-home-furnishings-ltd-a24-1251708-247-home-furnishings-ltd.html
Mayborn (UK) Ltd t/a Tommee Tippee,https://www.asa.org.uk/rulings/mayborn--uk--ltd-a24-1240099-mayborn--uk--ltd.html
Sports Supplements Ltd t/a Bulk,https://www.asa.org.uk/rulings/sports-supplements-ltd-a24-1245579-sports-supplements-ltd.html
CPD Regulatory Office,https://www.asa.org.uk/rulings/cpd-regulatory-office-a24-1247544-cpd-regulatory-office.html
Hike Future Ltd t/a Hike Footwear,https://www.asa.org.uk/rulings/hike-future-ltd-a24-1238532-hike-future-ltd.html
Just Eat.co.uk Ltd t/a Just-Eat.co.uk,https://www.asa.org.uk/rulings/just-eat-co-uk-ltd-a23-1226571-just-eat-co-uk-ltd.html
Valterous Ltd t/a Therapie Clinic,https://www.asa.org.uk/rulings/valterous-ltd-a24-1247566-valterous-ltd.html
Huel Ltd,https://www.asa.org.uk/rulings/huel-ltd-g24-1237493-huel-ltd.html
Quintain Living Ltd,https://www.asa.org.uk/rulings/quintain-living-ltd-a24-1244037-quintain-living-ltd.html
The Edinburgh Herbal Dispensary Ltd t/a Napiers Edinburgh,https://www.asa.org.uk/rulings/the-edinburgh-herbal-dispensary-ltd-a24-1243285-the-edinburgh-herbal-dispensary-ltd.html
ZOE Ltd,https://www.asa.org.uk/rulings/zoe-ltd-g24-1241850-zoe-ltd.html
Flow Neuroscience AB t/a Flow,https://www.asa.org.uk/rulings/flow-neuroscience-ab-a23-1200478-flow-neuroscience-ab.html
MedTech Global LLP t/a Orthoback,https://www.asa.org.uk/rulings/medtech-global-llp-g24-1245772-medtech-global-llp.html
Virgin Atlantic Airways Ltd t/a Virgin Atlantic,https://www.asa.org.uk/rulings/virgin-atlantic-airways-ltd-g23-1224417-virgin-atlantic-airways-ltd.html
Debenhams Brands Ltd t/a Debenhams,https://www.asa.org.uk/rulings/debenhams-brands-ltd-a24-1237743-debenhams-brands-ltd.html
Gelcard Ltd t/a Water2,https://www.asa.org.uk/rulings/gelcard-ltd-a24-1245866-gelcard-ltd.html
MYA Clinics Ltd t/a MYA Cosmetic Surgery,https://www.asa.org.uk/rulings/mya-clinics-ltd-g24-1241715-mya-clinics-ltd.html
Person(s) unknown t/a Nultqh GB,https://www.asa.org.uk/rulings/person-s--unknown-a24-1245840-person-s--unknown.html
"Person(s) unknown t/a Gauge B-Ready Locks, Guardian Tech Locksmith Cranleigh, ApexCraft Locksmith Frimley and Alex the Locksmith West Molesey",https://www.asa.org.uk/rulings/person-s--unknown-a24-1242111-person-s--unknown.html
Person(s) unknown t/a Mendio Life,https://www.asa.org.uk/rulings/person-s--unknown-a24-1245839-person-s--unknown.html
Person(s) unknown t/a Cheerchest Cove,https://www.asa.org.uk/rulings/person-s--unknown-a24-1245838-person-s--unknown.html
Person(s) unknown t/a Cishx GB,https://www.asa.org.uk/rulings/person-s--unknown-a24-1245836-person-s--unknown.html
Sky UK Ltd t/a NOW,https://www.asa.org.uk/rulings/sky-uk-ltd-a24-1240257-sky-uk-ltd.html
WHG (International) Ltd t/a William Hill Online,https://www.asa.org.uk/rulings/whg--international--ltd-a24-1242050-whg--international--ltd.html
Ejec Ventures LLC t/a Auri Nutrition,https://www.asa.org.uk/rulings/ejec-ventures-llc-a24-1239910-ejec-ventures-llc.html
Innocent Health Ltd t/a Novomins Nutrition,https://www.asa.org.uk/rulings/innocent-health-ltd-a24-1239908-innocent-health-ltd.html
Nowt Ventures Ltd t/a Feel Güd,https://www.asa.org.uk/rulings/nowt-ventures-ltd-a24-1239905-nowt-ventures-ltd.html
Nutriburst Ltd t/a Nutriburst Vitamins,https://www.asa.org.uk/rulings/nutriburst-ltd-a24-1239907-nutriburst-ltd.html
Person(s) unknown t/a Vitality Greens,https://www.asa.org.uk/rulings/person-s--unknown-g24-1248968-person-s--unknown.html
The Benenden Healthcare Society Ltd,https://www.asa.org.uk/rulings/the-benenden-healthcare-society-ltd-g24-1244669-the-benenden-healthcare-society-ltd.html
Well Gummies,https://www.asa.org.uk/rulings/well-gummies-a24-1239904-well-gummies.html
Wild Cosmetics Ltd,https://www.asa.org.uk/rulings/wild-cosmetics-ltd-a24-1235174-wild-cosmetics-ltd.html
Feel Holdings Ltd t/a Feel,https://www.asa.org.uk/rulings/feel-holdings-ltd-a24-1246372-feel-holdings-ltd.html
GB Sports Advisors Ltd t/a Geoff Banks Online,https://www.asa.org.uk/rulings/gb-sports-advisors-ltd-a24-1242810-gb-sports-advisors-ltd.html
Happy Koala LLC t/a MenoDaily,https://www.asa.org.uk/rulings/happy-koala-llc-a24-1241023-happy-koala-llc.html
Hurtigruten UK Ltd t/a HX Hurtigruten Expeditions,https://www.asa.org.uk/rulings/hurtigruten-uk-ltd-a24-1237378-hurtigruten-uk-ltd.html
Simmer Ltd,https://www.asa.org.uk/rulings/simmer-ltd-g24-1241721-simmer-ltd.html
Electronic Arts Ltd t/a EA,https://www.asa.org.uk/rulings/electronic-arts-ltd-a24-1239057-electronic-arts-ltd.html
London Luton Airport Ltd t/a Luton Rising,https://www.asa.org.uk/rulings/london-luton-airport-ltd.html
Mommy n Toys,https://www.asa.org.uk/rulings/mommy-n-toys-a24-1242723-mommy-n-toys.html
Wessex Water Services Ltd,https://www.asa.org.uk/rulings/wessex-water-services-ltd-a24-1236471-wessex-water-services-ltd.html
Aspire Nutrition,https://www.asa.org.uk/rulings/aspire-nutrition-a24-1241337-aspire-nutrition.html
Happy Koala LLC t/a Happy Mammoth,https://www.asa.org.uk/rulings/happy-koala-llc-a24-1229687-happy-koala-llc.html
Mitchells & Butlers Leisure Retail Ltd t/a Harvester,https://www.asa.org.uk/rulings/mitchells---butlers-leisure-retail-ltd-a24-1235449-mitchells---butlers-leisure-retail-ltd.html
Spectrum Awakening,https://www.asa.org.uk/rulings/spectrum-awakening-a24-1238193-spectrum-awakening.html
The Big Table Group Ltd t/a Las Iguanas,https://www.asa.org.uk/rulings/the-big-table-group-ltd-g24-1242939-the-big-table-group-ltd.html
The Clean Supps LLC t/a Inno Supps,https://www.asa.org.uk/rulings/the-clean-supps-llc-a24-1229686-the-clean-supps-llc.html
The Drop Supplements Ltd t/a Drop,https://www.asa.org.uk/rulings/the-drop-supplements-ltd-a24-1231792-the-drop-supplements-ltd.html
air up GmbH,https://www.asa.org.uk/rulings/air-up-gmbh-g24-1236666-air-up-gmbh.html
Apollo Future Technology Ltd,https://www.asa.org.uk/rulings/apollo-future-technology-ltd-a24-1229800-apollo-future-technology-ltd.html
Femtech Healthcare Ltd t/a KeyForHer,https://www.asa.org.uk/rulings/femtech-healthcare-ltd-a24-1241024-femtech-healthcare-ltd.html
Lyma Life Ltd,https://www.asa.org.uk/rulings/lyma-life-ltd-a24-1228550-lyma-life-ltd.html
Magflo Ltd t/a JAC Vapour,https://www.asa.org.uk/rulings/magflo-ltd-a24-1229804-magflo-ltd.html
Pixus Online Ltd t/a Juicemate,https://www.asa.org.uk/rulings/pixus-online-ltd-a24-1229803-pixus-online-ltd.html
"Rejuvit Labs, LLC",https://www.asa.org.uk/rulings/rejuvit-labs--llc-a24-1241022-rejuvit-labs--llc.html
BetterMe Ltd,https://www.asa.org.uk/rulings/betterme-ltd-a24-1238625-betterme-ltd.html
Fussy Ltd,https://www.asa.org.uk/rulings/fussy-ltd-a24-1231334-fussy-ltd.html
Nutritional Sciences Ltd t/a Physical Nutrition,https://www.asa.org.uk/rulings/nutritional-sciences-ltd-g24-1241706-nutritional-sciences-ltd.html
Online Classifieds AG t/a PURE,https://www.asa.org.uk/rulings/online-classifieds-ag-g24-1239261-online-classifieds-ag.html
Portable Multimedia Ltd,https://www.asa.org.uk/rulings/portable-multimedia-ltd.html
iVape London Ltd,https://www.asa.org.uk/rulings/ivape-london-ltd.html
Future Farm Plant-Based Food UK Ltd  t/a Future Farm,https://www.asa.org.uk/rulings/future-farm-plant-based-food-uk-ltd.html
AHK Designs Ltd t/a Victoriaplum.com,https://www.asa.org.uk/rulings/ahk-designs-ltd-a23-1217433-ahk-designs-ltd.html
Avensure Ltd t/a Employment Law Advice Bureau,https://www.asa.org.uk/rulings/avensure-ltd-a24-1238628-avensure-ltd.html
Kingsland Drinks Ltd t/a Kingsland Wines & Spirits,https://www.asa.org.uk/rulings/kingsland-drinks-ltd-a23-1223723-kingsland-drinks-ltd.html
Pink Self Storage Ltd,https://www.asa.org.uk/rulings/pink-self-storage-ltd-a24-1231002-pink-self-storage-ltd.html
We Are TALA Ltd,https://www.asa.org.uk/rulings/we-are-tala-ltd-g23-1218988-we-are-tala-ltd.html
Festival Free Bets,https://www.asa.org.uk/rulings/festival-free-bets-a24-1238072-festival-free-bets--unconfirmed-.html
Hangcure Ltd t/a Hangcure,https://www.asa.org.uk/rulings/hangcure-ltd-a24-1228813-hangcure-ltd.html
Prettylittlething.com Ltd t/a Prettylittlething.com,https://www.asa.org.uk/rulings/prettylittlething-com-ltd-a23-1224573-prettylittlething-com-ltd.html
Tonic Nutrition Ltd t/a Tonic Health,https://www.asa.org.uk/rulings/tonic-nutrition-ltd-a23-1224570-tonic-nutrition-ltd.html
ProgressPlay Ltd,https://www.asa.org.uk/rulings/progressplay-ltd-a23-1223286-progressplay-ltd.html
Tecnología Sostenible y Responsable SL (TSR) t/a Sustainable and Responsible Technology SL,https://www.asa.org.uk/rulings/tecnologia-sostenible-y-responsable-sl--tsr--a23-1207275-tecnologia-sostenible-y-responsable-sl.html
Independent British Vape Trade Association t/a IBVTA,https://www.asa.org.uk/rulings/independent-british-vape-trade-association-a23-1219004-independent-british-vape-trade-association.html
Lark Holdings Limited,https://www.asa.org.uk/rulings/lark-holdings-limited-a23-1221983-lark-holdings-limited.html
"Whitbread Group plc t/a Premier Inn,  Beefeater",https://www.asa.org.uk/rulings/whitbread-group-plc-a23-1219722-whitbread-group-plc.html
Dr Bunny Aesthetics,https://www.asa.org.uk/rulings/dr-bunny-aesthetics-a23-1218983-dr-bunny-aesthetics.html
"GKOnlineCo Pty Ltd t/a Pups Den, Official Aida Store",https://www.asa.org.uk/rulings/gkonlineco-pty-ltd-a24-1229857-gkonlineco-pty-ltd.html
infirst Ltd t/a Flarin,https://www.asa.org.uk/rulings/infirst-ltd-a23-1217846-infirst-ltd.html
Hismile Pty Ltd,https://www.asa.org.uk/rulings/hismile-pty-ltd-a23-1221382-hismile-pty-ltd.html
John Mills Ltd t/a JML Direct,https://www.asa.org.uk/rulings/john-mills-ltd-a23-1221685-john-mills-ltd.html
Mous Products Ltd,https://www.asa.org.uk/rulings/mous-products-ltd-a23-1216884-mous-products-ltd.html
Nationwide Building Society t/a Nationwide,https://www.asa.org.uk/rulings/nationwide-building-society-g23-1216642-nationwide-building-society.html
Not Guilty Food Co Ltd t/a The Skinny Food Co,https://www.asa.org.uk/rulings/not-guilty-food-co-ltd-g23-1215538-not-guilty-food-co-ltd.html
Sparks Information PTE Ltd t/a Hunting Sniper,https://www.asa.org.uk/rulings/sparks-information-pte-ltd-g24-1229784-sparks-information-pte-ltd.html
Top Games Inc,https://www.asa.org.uk/rulings/top-games-inc-a23-1213924-top-games-inc.html
Easigrass (Distribution) Ltd,https://www.asa.org.uk/rulings/easigrass--distribution--ltd-g23-1215528-easigrass--distribution--ltd.html
John Mills Ltd t/a JML Direct,https://www.asa.org.uk/rulings/john-mills-ltd-a24-1228444-john-mills-ltd.html
Vytaliving Ltd,https://www.asa.org.uk/rulings/vytaliving-ltd-a23-1216841-vytaliving-ltd.html
Aldi Stores Ltd t/a Aldi,https://www.asa.org.uk/rulings/aldi-stores-ltd-a23-1226863-aldi-stores-ltd.html
Electronic Arts Ltd t/a EA,https://www.asa.org.uk/rulings/electronic-arts-ltd-a23-1222185-electronic-arts-ltd.html
Jagex Ltd,https://www.asa.org.uk/rulings/jagex-ltd-a23-1216471-jagex-ltd.html
Lindar Media Ltd t/a MRQ.com,https://www.asa.org.uk/rulings/lindar-media-ltd-a23-1226999-lindar-media-ltd.html
MNG-Mango UK Ltd,https://www.asa.org.uk/rulings/mng-mango-uk-ltd-a23-1227360-mng-mango-uk-ltd.html
Miniclip (UK) Ltd,https://www.asa.org.uk/rulings/miniclip--uk--ltd-a23-1216455-miniclip--uk--ltd.html
Worldwide Trademarks sro t/a Worldwide Trademarks,https://www.asa.org.uk/rulings/worldwide-trademarks-sro-a23-1222525-worldwide-trademarks-sro.html
Global Brands Ltd,https://www.asa.org.uk/rulings/global-brands-ltd-a23-1215641-global-brands-ltd.html
LeoVegas Gaming plc t/a BetUK,https://www.asa.org.uk/rulings/leovegas-gaming-plc-a23-1214325-leovegas-gaming-plc.html
6G Internet Ltd t/a 6Gi,https://www.asa.org.uk/rulings/6g-internet-ltd-a23-1213406-6g-internet-ltd.html
BPerfect Ltd,https://www.asa.org.uk/rulings/bperfect-ltd-a23-1218364-bperfect-ltd.html
"Banquist Ltd t/a Banquist, Winedrops",https://www.asa.org.uk/rulings/banquist-ltd-a24-1228136-banquist-ltd.html
OneCompress,https://www.asa.org.uk/rulings/onecompress-a23-1220254-onecompress.html
Simba Sleep Ltd,https://www.asa.org.uk/rulings/simba-sleep-ltd-a23-1200296-simba-sleep-ltd.html
Vir Health Ltd t/a Numan,https://www.asa.org.uk/rulings/vir-health-ltd-a22-1178070-vir-health-ltd.html
Volkswagen Group United Kingdom Ltd t/a Audi,https://www.asa.org.uk/rulings/volkswagen-group-united-kingdom-ltd-a23-1195221-volkswagen-group-united-kingdom-ltd.html
Brown-Forman Beverages Europe Ltd t/a Jack Daniel's,https://www.asa.org.uk/rulings/brown-forman-beverages-europe-ltd-a23-1223370-brown-forman-beverages-europe-ltd.html
Capital Credit Union Ltd,https://www.asa.org.uk/rulings/capital-credit-union-ltd-a23-1224909-capital-credit-union-ltd.html
Lenovo Technology (UK) Ltd,https://www.asa.org.uk/rulings/lenovo-technology--uk--ltd-a23-1214667-lenovo-technology--uk--ltd.html
Pennine Community Credit Union Ltd t/a PCCU,https://www.asa.org.uk/rulings/pennine-community-credit-union-ltd-a23-1224906-pennine-community-credit-union-ltd.html
Space NK Ltd t/a Space.NK,https://www.asa.org.uk/rulings/space-nk-ltd-a23-1212632-space-nk-ltd.html
Strafe Esports Ltd t/a LevelTap,https://www.asa.org.uk/rulings/strafe-esports-ltd-g23-1225361-strafe-esports-ltd.html
GMRD Apps Ltd t/a Impulse Brain Training,https://www.asa.org.uk/rulings/gmrd-apps-ltd-a23-1215012-gmrd-apps-ltd.html
Happyo,https://www.asa.org.uk/rulings/happyo-a23-1215015-happyo.html
Rebecca Louise t/a rebeccalouise95,https://www.asa.org.uk/rulings/rebecca-louise-g23-1219454-rebecca-louise.html
Supreme CBD Ltd t/a Supreme CBD,https://www.asa.org.uk/rulings/supreme-cbd-ltd-g23-1198642-supreme-cbd-ltd.html
BKUK Group Ltd t/a Burger King,https://www.asa.org.uk/rulings/bkuk-group-ltd-a23-1210912-bkuk-group-ltd.html
BMW (UK) Ltd,https://www.asa.org.uk/rulings/bmw--uk--ltd-a23-1209400-bmw--uk--ltd.html
Greater London Authority,https://www.asa.org.uk/rulings/greater-london-authority-g23-1202588-greater-london-authority.html
MG Motor UK Ltd,https://www.asa.org.uk/rulings/mg-motor-uk-ltd-a23-1209401-mg-motor-uk-ltd.html
Vizor Apps Ltd,https://www.asa.org.uk/rulings/vizor-apps-ltd-a23-1221098-vizor-apps-ltd.html
Witcombe Festival,https://www.asa.org.uk/rulings/witcombe-festival-a23-1211731-witcombe-festival.html
Brooksdale Ltd,https://www.asa.org.uk/rulings/brooksdale-ltd-a23-1196058-brooksdale-ltd.html
Churchill Retirement Living Ltd t/a Churchill Retirement Living,https://www.asa.org.uk/rulings/churchill-retirement-living-ltd-a23-1192106-churchill-retirement-living-ltd.html
LifeSafe Technologies Ltd,https://www.asa.org.uk/rulings/lifesafe-technologies-ltd-g23-1212656-lifesafe-technologies-ltd.html
Lynne McTaggart,https://www.asa.org.uk/rulings/lynne-mctaggart-a23-1193512-lynne-mctaggart.html
Reclaim My PPI Tax Ltd t/a Reclaim My PPI Tax,https://www.asa.org.uk/rulings/reclaim-my-ppi-tax-ltd-a23-1196059-reclaim-my-ppi-tax-ltd.html
Team RH Fitness Ltd,https://www.asa.org.uk/rulings/team-rh-fitness-ltd-g23-1217041-team-rh-fitness-ltd.html
AGA Rangemaster Ltd t/a AGA,https://www.asa.org.uk/rulings/aga-rangemaster-ltd-a23-1203542-aga-rangemaster-ltd.html
Gamehaus Network Technology Co Ltd,https://www.asa.org.uk/rulings/gamehaus-network-technology-co-ltd-a23-1218813-gamehaus-network-technology-co-ltd.html
Grandbing Technology Co Ltd t/a On Fancy,https://www.asa.org.uk/rulings/grandbing-technology-co-ltd-a23-1219254-grandbing-technology-co-ltd.html
HJ Heinz Foods UK Ltd t/a Heinz,https://www.asa.org.uk/rulings/hj-heinz-foods-uk-ltd-a23-1207671-hj-heinz-foods-uk-ltd.html
May Health Tourism Services t/a MAYCLINIK,https://www.asa.org.uk/rulings/may-health-tourism-services-a23-1211989-may-health-tourism-services.html
Medi Supplies Ltd,https://www.asa.org.uk/rulings/medi-supplies-ltd-18969.html
Outsourceful Ltd t/a Outsourceful,https://www.asa.org.uk/rulings/outsourceful-ltd-a23-1208780-outsourceful-ltd.html
Pasifik Health Services Inc t/a Care In Turkey,https://www.asa.org.uk/rulings/pasifik-health-services-inc-a23-1211995-pasifik-health-services-inc.html
E-Scooters 4 Less (unconfirmed) t/a E-Scooters 4 Less,https://www.asa.org.uk/rulings/e-scooters-4-less--unconfirmed--a23-1207531-e-scooters-4-less--unconfirmed-.html
FunPlus International AG t/a Funplus,https://www.asa.org.uk/rulings/funplus-international-ag-a23-1215767-funplus-international-ag.html
Marble Corporation Ltd t/a The Little Ones,https://www.asa.org.uk/rulings/marble-corporation-ltd-a23-1217662-marble-corporation-ltd.html
GIRLvsCANCER,https://www.asa.org.uk/rulings/girlvscancer-g23-1218376-girlvscancer.html
Happytiger ApS,https://www.asa.org.uk/rulings/happytiger-aps-a23-1218378-happytiger-aps.html
Planet Computers Ltd,https://www.asa.org.uk/rulings/planet-computers-ltd-a23-1208206-planet-computers-ltd.html
Viagogo AG,https://www.asa.org.uk/rulings/viagogo-ag-a23-1205905-viagogo-ag.html
Zzoomm plc,https://www.asa.org.uk/rulings/zzoomm-plc-a23-1206061-zzoomm-plc.html
Buzz Group Ltd,https://www.asa.org.uk/rulings/buzz-group-ltd-a23-1217474-buzz-group-ltd.html
Em Rose,https://www.asa.org.uk/rulings/em-rose-g23-1212743-em-rose.html
Erdem Clinic,https://www.asa.org.uk/rulings/erdem-clinic-a23-1209226-erdem-clinic.html
Eurostar International Ltd,https://www.asa.org.uk/rulings/eurostar-international-ltd-a23-1205614-eurostar-international-ltd.html
Ben's Gutters Ltd,https://www.asa.org.uk/rulings/ben-s-gutters-ltd-g23-1202318-ben-s-gutters-ltd.html
BrewDog plc,https://www.asa.org.uk/rulings/brewdog-plc-g23-1210353-brewdog-plc.html
Cathay Pacific Airways Ltd,https://www.asa.org.uk/rulings/cathay-pacific-airways-ltd-a23-1206687-cathay-pacific-airways-ltd.html
Charles Tyrwhitt Shirts Ltd,https://www.asa.org.uk/rulings/charles-tyrwhitt-shirts-ltd-a23-1210029-charles-tyrwhitt-shirts-ltd.html
Coty UK Ltd t/a Coty UK Ltd,https://www.asa.org.uk/rulings/coty-uk-ltd-g23-1213377-coty-uk-ltd.html
EFL Digital Ltd t/a EFL,https://www.asa.org.uk/rulings/efl-digital-ltd-a22-1172914-efl-digital-ltd.html
Equinor ASA,https://www.asa.org.uk/rulings/equinor-asa-a23-1204534-equinor-asa.html
GMG Pharmacy Ltd t/a The IV Clinic,https://www.asa.org.uk/rulings/gmg-pharmacy-ltd-a19-549495-gmg-pharmacy-ltd.html
Get A Drip Ltd,https://www.asa.org.uk/rulings/get-a-drip-ltd-a19-549582-get-a-drip-ltd.html
Howe Tools Ltd,https://www.asa.org.uk/rulings/howe-tools-ltd-g23-1215545-howe-tools-ltd.html
Kellogg Europe Trading Ltd t/a Kellogg Company,https://www.asa.org.uk/rulings/kellogg-europe-trading-ltd-a23-1206282-kellogg-europe-trading-ltd.html
Kia UK Ltd,https://www.asa.org.uk/rulings/kia-uk-ltd-a23-1190884-kia-uk-ltd.html
"Mercedes-Benz UK Ltd t/a Smart Car, Mercedes Benz",https://www.asa.org.uk/rulings/mercedes-benz-uk-ltd-a23-1202889-mercedes-benz-cars-uk-ltd.html
Petfre (Gibraltar) Ltd t/a Betfred,https://www.asa.org.uk/rulings/petfre--gibraltar--ltd-a23-1194957-petfre--gibraltar--ltd.html
REVIV UK Ltd t/a REVIV,https://www.asa.org.uk/rulings/reviv-uk-ltd-a19-562605-reviv-uk-ltd.html
Golden Tanning Salon Ltd t/a Golden Tanning Salon,https://www.asa.org.uk/rulings/golden-tanning-salon-ltd-a23-1198240-golden-tanning-salon.html
Person(s) unknown,https://www.asa.org.uk/rulings/person-s--unknown-a23-1198241-person-s--unknown.html
Virgin Media Ltd t/a Virgin Media,https://www.asa.org.uk/rulings/virgin-media-ltd-a23-1206573-virgin-media-ltd.html
Air France-KLM,https://www.asa.org.uk/rulings/air-france-klm-a23-1206006-air-france-klm.html
Deutsche Lufthansa AG t/a Lufthansa,https://www.asa.org.uk/rulings/deutsche-lufthansa-ag-a23-1206007-deutsche-lufthansa-ag.html
Etihad Airways,https://www.asa.org.uk/rulings/etihad-airways-a23-1206008-etihad-airways.html
GetAgent Ltd,https://www.asa.org.uk/rulings/getagent-ltd-a23-1202342-getagent-ltd.html
Polyverse Inc,https://www.asa.org.uk/rulings/polyverse-inc-a23-1212046-polyverse-inc.html
South African Foods Ltd t/a Candy Store 4 You,https://www.asa.org.uk/rulings/south-african-foods-ltd-a23-1202159-south-african-foods-ltd.html
Imiracle (HK) Ltd t/a ELFBAR,https://www.asa.org.uk/rulings/imiracle--hk--ltd-g23-1208624-imiracle--hk--ltd.html
Merlin Attractions Operations Ltd t/a Alton Towers Resort,https://www.asa.org.uk/rulings/merlin-attractions-operations-ltd-a23-1204144-merlin-attractions-operations-ltd.html
Play&Date Entertainment Zone,https://www.asa.org.uk/rulings/play-date-entertainment-zone-a23-1212049-playdate-entertainment-zone.html
Procter & Gamble UK t/a Always,https://www.asa.org.uk/rulings/procter---gamble-uk-a23-1206176-procter--gamble-uk.html
"Renault UK Ltd t/a Dacia, Renault",https://www.asa.org.uk/rulings/renault-uk-ltd-a23-1201059-renault-uk-ltd.html
ACME Vape Ltd,https://www.asa.org.uk/rulings/acme-vape-ltd-a23-1205199-acme-vape-ltd.html
Cloud City Vapez UK Ltd,https://www.asa.org.uk/rulings/cloud-city-vapez-uk-ltd-a23-1205196-cloud-city-vapez-uk-ltd.html
CrypticKits,https://www.asa.org.uk/rulings/cryptickits-g23-1200829-cryptickits.html
D&A Cosmetics Ltd,https://www.asa.org.uk/rulings/d-a-cosmetics-ltd-g23-1201871-da-cosmetics-ltd.html
Kollo Health Ltd,https://www.asa.org.uk/rulings/kollo-health-ltd-a23-1196136-kollo-health-ltd.html
Organic Burst World SA t/a Organic Burst,https://www.asa.org.uk/rulings/organic-burst-world-sa-a23-1191380-organic-burst-world-s-a-.html
Toyota (GB) plc,https://www.asa.org.uk/rulings/toyota--gb--plc-a23-1191673-toyota--gb--plc.html
Uppholdings Ltd t/a CluedUpp Games,https://www.asa.org.uk/rulings/uppholdings-ltd-a23-1200152-uppholdings-ltd.html
Borthwick Group (Energy) Ltd,https://www.asa.org.uk/rulings/borthwick-group--energy--ltd-a23-1201322-borthwick-group--energy--ltd.html
FanCraze Technologies Inc,https://www.asa.org.uk/rulings/fancraze-technologies-inc-a23-1199796-fancraze-technologies-inc.html
GM Unicorn Corporation Ltd,https://www.asa.org.uk/rulings/gm-unicorn-corporation-ltd-A22-1180376.html
Harvey Water Softeners Ltd,https://www.asa.org.uk/rulings/harvey-water-softeners-ltd-a23-1199615-harvey-water-softeners-ltd.html
Mecca Bingo Ltd,https://www.asa.org.uk/rulings/mecca-bingo-ltd-g23-1210375-mecca-bingo-ltd.html
Naked Wolfe Ltd,https://www.asa.org.uk/rulings/naked-wolfe-ltd-G23-1212005.html
Nimaya Mindstation Ltd,https://www.asa.org.uk/rulings/nimaya-mindstation-ltd-A23-1199223.html
Norfolk Dinosaur Park Ltd t/a PrimEvil,https://www.asa.org.uk/rulings/norfolk-dinosaur-park-ltd-g23-1213263-norfolk-dinosaur-park-ltd.html
SpiderfarmerLED,https://www.asa.org.uk/rulings/spiderfarmerled-a23-1209504-spiderfarmerled.html
Studiocanal Ltd t/a Studiocanal,https://www.asa.org.uk/rulings/studiocanal-ltd-g23-1195126-studiocanal-ltd.html
TMS Legal Ltd,https://www.asa.org.uk/rulings/tms-legal-ltd-A23-1199376.html
The Heal Air,https://www.asa.org.uk/rulings/the-heal-air-A23-1199221.html
WHM Hair Transplant and Aesthetics t/a WHM Clinic,https://www.asa.org.uk/rulings/whm-hair-transplant-and-aesthetics-a23-1199871-whm-hair-transplant-and-aesthetics.html
ZING Oral Care Ltd,https://www.asa.org.uk/rulings/zing-oral-care-ltd-a23-1199892-zing-oral-care-ltd.html
Emma Matratzen GmbH t/a Emma Mattress,https://www.asa.org.uk/rulings/emma-matratzen-gmbh-g23-1199782-emma-matratzen-gmbh.html
Geekvape Electronic Cigarettes (UK) Ltd,https://www.asa.org.uk/rulings/geekvape-electronic-cigarettes--uk--ltd-a23-1205195-geekvape-electronic-cigarettes--uk--ltd.html
Indiralaxmi Vignesh Ltd t/a Hale Clinic,https://www.asa.org.uk/rulings/indiralaxmi-vignesh-ltd-a23-1199222-indiralaxmi-vignesh-ltd.html
NUMA Ltd,https://www.asa.org.uk/rulings/numa-ltd-a23-1199218-numa-limited.html
TJC & BLC Aesthetics Clinic & Training Academy,https://www.asa.org.uk/rulings/tjc---blc-aesthetics-clinic---training-academy-a23-1198894-tjc--blc-aesthetics-clinic-training-academy.html
Vaporesso,https://www.asa.org.uk/rulings/vaporesso-a23-1205197-vaporesso.html
Voopoo International Inc,https://www.asa.org.uk/rulings/voopoo-international-inc-a23-1205198-voopoo-international-inc.html
Chengyi Daily Department Store t/a Shop1102829235 Store,https://www.asa.org.uk/rulings/chengyi-daily-department-store-a23-1207923-chengyi-daily-department-store.html
Daniels Vapes t/a danielsvapes1,https://www.asa.org.uk/rulings/daniels-vapes-a23-1207692-daniels-vapes.html
Dr Rani Ltd t/a Daily Chemist,https://www.asa.org.uk/rulings/dr-rani-ltd-a23-1198508-dr-rani-ltd.html
Essential Sounds Hearing,https://www.asa.org.uk/rulings/essential-sounds-hearing-a23-1197770-esh-hearing.html
Petfre (Gibraltar) Ltd t/a Betfred,https://www.asa.org.uk/rulings/petfre--gibraltar--ltd-a23-1197806-petfre--gibraltar--ltd.html
Shenzhen Guangming District Kangshuo E-Commerce Firm t/a Health Support Store,https://www.asa.org.uk/rulings/shenzhen-guangming-district-kangshuo-e-commerce-firm-a23-1207922-shenzhen-guangming-district-kangshuo-e-commerce-firm.html
THG Nutrition Limited t/a My Protein,https://www.asa.org.uk/rulings/thg-nutrition-limited-a23-1198333-thg-nutrition-limited.html
TheGreatEvape Ltd,https://www.asa.org.uk/rulings/thegreatevape-ltd-a23-1207694-thegreatevape-ltd.html
Whaleco UK Ltd t/a Temu,https://www.asa.org.uk/rulings/whaleco-uk-ltd-g23-1202845-whaleco-uk-ltd.html
Hurtigruten UK Ltd t/a Hurtigruten,https://www.asa.org.uk/rulings/hurtigruten-uk-ltd-a23-1202064-hurtigruten-ltd.html
Royal Caribbean Cruises Ltd t/a Royal Caribbean International,https://www.asa.org.uk/rulings/royal-caribbean-cruises-ltd-a23-1198946-royal-caribbean-cruises-ltd.html
Bonne Terre Ltd t/a Sky Bet,https://www.asa.org.uk/rulings/bonne-terre-ltd-a23-1189938-bonne-terre-ltd.html
Codeway Dijital Hizmetler Anonim Sirketi t/a Codeway,https://www.asa.org.uk/rulings/codeway-dijital-hizmetler-anonim-sirketi-a23-1197999-codeway-dijital-hizmetler-anonim-sirketi.html
HMK V AG t/a Windsor Mint,https://www.asa.org.uk/rulings/hmk-v-ag-a22-1178286-hmk-v-ag-1.html
Imiracle (HK) Ltd t/a Elfbar,https://www.asa.org.uk/rulings/imiracle--hk--ltd-a23-1196835-imiracle--hk--ltd.html
Nexusbird Inc t/a Motion,https://www.asa.org.uk/rulings/nexusbird-inc-a23-1197735-nexusbird-inc.html
Nissan Motor (GB) Ltd t/a Nissan Motor (GB) Ltd,https://www.asa.org.uk/rulings/nissan-motor--gb--ltd-g23-1206694-nissan-motor--gb--ltd.html
Repsol SA,https://www.asa.org.uk/rulings/repsol-sa-a23-1206254-repsol-sa.html
"Shop TJC Ltd t/a TJC, The Jewellery Channel Ltd",https://www.asa.org.uk/rulings/shop-tjc-ltd-a23-1196566-shop-tjc-ltd.html
ThruDark Ltd,https://www.asa.org.uk/rulings/thrudark-ltd-g23-1206049-thrudark-ltd.html
